strategy,test_loss,test_accuracy
Constant,0.04755007131025195,98.38
Linear,0.09027658738195896,97.26
LinearUniformMix,0.09238382689654827,97.22
Exponential,0.17082759961485863,95.92
Cyclic,2.3010127782821654,11.35
Random,0.09036175012588502,97.23
